domain,source
3nitypsy.ru,sources.txt
academyorator.ru,sources.txt
acrylicstudio.online,sources.txt
addatattoo.pro,sources.txt
aeroheen.ru,sources.txt
aglashevich.ru,sources.txt
aigulbatyrshina.ru,sources.txt
aiinteriorlab.ru,sources.txt
aivisions.ru,sources.txt
akademy-pronails.ru,sources.txt
albus-school.ru,sources.txt
aleksafit.com,sources.txt
alekseevasewingschool.ru,sources.txt
alexandravereteno.ru,sources.txt
alexkhoninmath.online,sources.txt
algoritm-reels.ru,sources.txt
alisamask.online,sources.txt
allabelyavskaya.ru,sources.txt
allazova.school,sources.txt
alsoucure.online,sources.txt
alsukamakaeva.ru,sources.txt
alybodrova.ru,sources.txt
americanaccent.ru,sources.txt
amicourses.ru,sources.txt
anaitpsychology.ru,sources.txt
anastasia-art-school.ru,sources.txt
anastasiyastetsenko.ru,sources.txt
andreyprodetey.ru,sources.txt
anfinogenov.pro,sources.txt
anglipro.ru,sources.txt
anis-school.art,sources.txt
annarednails.ru,sources.txt
annashestopalova.ru,sources.txt
anokhina-stylelab.ru,sources.txt
antroposchool.ru,sources.txt
aprofitness.ru,sources.txt
aquababyschool.ru,sources.txt
arazumovskaya.ru,sources.txt
arhiterik.ru,sources.txt
as-stasi.ru,sources.txt
astrolog-eliseeva.ru,sources.txt
astromarya.by,sources.txt
astromineralog.ru,sources.txt
astropraktik.ru,sources.txt
astroprofit.ru,sources.txt
atmaland.ru,sources.txt
aurveda.space,sources.txt
autocad-prosto.ru,sources.txt
azaliya-ruff.ru,sources.txt
balancebybarbaris.ru,sources.txt
be-balanced.ru,sources.txt
befitschool.ru,sources.txt
beinstream.ru,sources.txt
belovaschool.ru,sources.txt
berebooted.ru,sources.txt
bernatcolor.pro,sources.txt
bestjuniorschool.ru,sources.txt
bikmetov.pro,sources.txt
biostepbystep.ru,sources.txt
bl-school.com,sources.txt
blenderverse.ru,sources.txt
blogkolyaskin.ru,sources.txt
bluesguide-school.ru,sources.txt
bogomolovaschool.ru,sources.txt
bohanovskaya.ru,sources.txt
boldyrevguitarschool.ru,sources.txt
braininsight.ru,sources.txt
breathing-with-olesya.ru,sources.txt
bukhonina.ru,sources.txt
bukinaclub.ru,sources.txt
buryaeva.com,sources.txt
businessfromair.ru,sources.txt
bysmetanka.com,sources.txt
bystrik.online,sources.txt
candle-witch.ru,sources.txt
cheblakov.ru,sources.txt
chemrova.online,sources.txt
chernovanails.ru,sources.txt
chernovprootnoshenia.ru,sources.txt
cleverforever.online,sources.txt
communityno.com,sources.txt
coursera.org,sources.txt
cr-istochnik.ru,sources.txt
craftpeoples.ru,sources.txt
creartist.ru,sources.txt
cyber-ed.ru,sources.txt
dariaoskin.com,sources.txt
daronline.ru,sources.txt
dasha-kozyreva.com,sources.txt
dashagorbatova.online,sources.txt
dashimaproblog.com,sources.txt
demiurge-spb.ru,sources.txt
denyakina.ru,sources.txt
dimakostukov.ru,sources.txt
dk9school.ru,sources.txt
doctorermolenko.ru,sources.txt
doctorkisler.ru,sources.txt
doctormamontovschool.com,sources.txt
doctorpopovaschool.ru,sources.txt
dog-energy.ru,sources.txt
dogclaws.ru,sources.txt
doktordolgopolova.online,sources.txt
dombogatstva.ru,sources.txt
dpomag.online,sources.txt
dr-kolesnikov.ru,sources.txt
dream-body.online,sources.txt
drevschool.ru,sources.txt
easyviolin.ru,sources.txt
echodushi.ru,sources.txt
edhack.online,sources.txt
eduardbolshakov.ru,sources.txt
efimapharm.ru,sources.txt
eg-school.ru,sources.txt
egubova.online,sources.txt
ejsa.ru,sources.txt
ekaterinaandreeva-life.ru,sources.txt
elena-pro-number.com,sources.txt
elenalite.ru,sources.txt
elenanahodkina.ru,sources.txt
elenavdovina.online,sources.txt
elenayouth.com,sources.txt
elinakamaeva.ru,sources.txt
ellinskii.ru,sources.txt
elliottwaveclub.ru,sources.txt
encouragetatia.com,sources.txt
enioline.ru,sources.txt
ensoma.ru,sources.txt
entwine.education,sources.txt
erofitnesswithloveonline.ru,sources.txt
esoroom.su,sources.txt
esperanto-leto.ru,sources.txt
esteticbeautyst.ru,sources.txt
evgeniakisslova.com,sources.txt
evgenialevi.ru,sources.txt
evosouls.ru,sources.txt
evstafievhealth.ru,sources.txt
exlibra.art,sources.txt
expertbg.ru,sources.txt
familyhlebschool.ru,sources.txt
fball.pro,sources.txt
feelenglish.tech,sources.txt
feldenkrais.su,sources.txt
fgislk.online,sources.txt
filmtechrea.ru,sources.txt
filtext.ru,sources.txt
finmodel.club,sources.txt
fitnesszdes.ru,sources.txt
food-mentor.ru,sources.txt
foothacker.com,sources.txt
freetospeak.ru,sources.txt
frolovaolesya.ru,sources.txt
full-level.pro,sources.txt
gamulinaartschool.ru,sources.txt
gekova.education,sources.txt
gepartschool.ru,sources.txt
get-shop-online.ru,sources.txt
gigong.ru,sources.txt
glebovaphoto.ru,sources.txt
go-ksebe.ru,sources.txt
golosoved.ru,sources.txt
goodsense.pro,sources.txt
gorlitsacalligraphy.ru,sources.txt
gotq.pro,sources.txt
govzallaa.ru,sources.txt
grammaze.ru,sources.txt
gusevagroup.ru,sources.txt
h-n-v.ru,sources.txt
hana-hana-korean.online,sources.txt
happycatclub.ru,sources.txt
happystranger.ru,sources.txt
harmony-onlain.ru,sources.txt
healing-practice.ru,sources.txt
helensymon.ru,sources.txt
hh.ru,sources.txt
holitemple.com,sources.txt
i-km.ru,sources.txt
ibragimovs.ru,sources.txt
igo-dzen.ru,sources.txt
ilovesoap.ru,sources.txt
imaschool.ru,sources.txt
inessakryzhanovskaya.com,sources.txt
ingerman.ee,sources.txt
invest2good.ru,sources.txt
ipadconcept.ru,sources.txt
iraprozozh.ru,sources.txt
irina-santori.com,sources.txt
irinakocheva.ru,sources.txt
istinavnytri.ru,sources.txt
izbaicosmos.ru,sources.txt
izbenko.com,sources.txt
jagovorju.ru,sources.txt
jenyateplaya.ru,sources.txt
jfpsy.ru,sources.txt
k-efi.ru,sources.txt
kabaevanails.ru,sources.txt
kalaytan.online,sources.txt
karnash.org,sources.txt
kashinaekaterina-school.ru,sources.txt
kassinavito-zapusk.ru,sources.txt
katia4e.ru,sources.txt
katrinproson.ru,sources.txt
katsizova.ru,sources.txt
katyayasenko.ru,sources.txt
kharlamova-psy.com,sources.txt
kiselevafit.ru,sources.txt
klavdiyav.ru,sources.txt
klubkova-school.ru,sources.txt
kmclub-practicum.com,sources.txt
kolosvaroga.ru,sources.txt
kontslav.ru,sources.txt
kotovaolgamusic.ru,sources.txt
kovalevskayalab.ru,sources.txt
kovziktatiana.ru,sources.txt
kramshenkova.ru,sources.txt
krasnova.website,sources.txt
kremlevs.ru,sources.txt
kudamasovayuliafit.ru,sources.txt
kurs-segodnya.ru,sources.txt
kuzyakinyfit.online,sources.txt
labsoul.ru,sources.txt
lafemmeclub.ru,sources.txt
landscape-course.ru,sources.txt
lektorium.tv,sources.txt
lera-proaut.ru,sources.txt
lerauva.online,sources.txt
levober.ru,sources.txt
lifeandlanguagemorningclub.com,sources.txt
lik-school.online,sources.txt
litvinenkos.ru,sources.txt
liverpoolschool.ru,sources.txt
losevapro.ru,sources.txt
lovewinter.ru,sources.txt
ludmilavishnyakova.ru,sources.txt
macrame-set.ru,sources.txt
magicofoilart.ru,sources.txt
makogonvv.ru,sources.txt
mamonovafinance.ru,sources.txt
margoforbs.ru,sources.txt
mariamolonova.ru,sources.txt
mariamosievskih.ru,sources.txt
marina-beautyschool.ru,sources.txt
marinalindholm.ru,sources.txt
marinaoreilly.com,sources.txt
matyatina.online,sources.txt
mediym.ru,sources.txt
metaspirit.ru,sources.txt
microbiologia.ru,sources.txt
milamanina.ru,sources.txt
mind-hacking.ru,sources.txt
mindfullclub.com,sources.txt
mir-education.ru,sources.txt
mkvadrat74.ru,sources.txt
molchanovayulia.ru,sources.txt
mommyyoga.ru,sources.txt
moneyhubclub.ru,sources.txt
moondreams.pro,sources.txt
mov-nail.ru,sources.txt
mttpro.ru,sources.txt
mtv-school.ru,sources.txt
myagkierody.ru,sources.txt
mylifediane.com,sources.txt
myravc.online,sources.txt
mysterium-centr.online,sources.txt
naida-style.online,sources.txt
natali-lavrenova.ru,sources.txt
natalia-holistic.com,sources.txt
natalia-shevtsova.ru,sources.txt
natalyaakramova.ru,sources.txt
naumovatrener.com,sources.txt
ncc-school.ru,sources.txt
neboschool.ru,sources.txt
neirokouch.ru,sources.txt
neirozlata.ru,sources.txt
nekrasovamarianna.ru,sources.txt
nellschool.online,sources.txt
neschoolyuoliya.ru,sources.txt
neurodoktor.ru,sources.txt
neuromagicpro.ru,sources.txt
neurophotoschool.ru,sources.txt
neurosila.ru,sources.txt
neurosource.ru,sources.txt
neurosystem.pro,sources.txt
newableton.live,sources.txt
newlanguagenewlife.pro,sources.txt
newskya.ru,sources.txt
nikabrow.online,sources.txt
nikolaevaschool.ru,sources.txt
ninakali.ru,sources.txt
niyatkach.ru,sources.txt
notabalansa.ru,sources.txt
nserditova.ru,sources.txt
nutrition-academy.ru,sources.txt
nuwkaivanova.art,sources.txt
obraz4you.com,sources.txt
ogcgschool.ru,sources.txt
oksana-lezhneva.ru,sources.txt
oksanacherenkova.ru,sources.txt
olegled.ru,sources.txt
olli.academy,sources.txt
one-way.dev,sources.txt
onelink.me,sources.txt
online-retreat.ru,sources.txt
onlyguns.pro,sources.txt
openedu.ru,sources.txt
ortoigra.com,sources.txt
padmalaya.ru,sources.txt
parasympathy.site,sources.txt
pavlovapsyspb.ru,sources.txt
peppersonline.ru,sources.txt
pereverzeva-irina.ru,sources.txt
persephona.online,sources.txt
physcultura.ru,sources.txt
piano-jolie-school.ru,sources.txt
pictura-school.ru,sources.txt
pisatpolezno.ru,sources.txt
pliginamarina-school.ru,sources.txt
poetnavigator.ru,sources.txt
polyvysotskaya.ru,sources.txt
poronnik.ru,sources.txt
potapoff.online,sources.txt
powerongirls.store,sources.txt
practicneuro.ru,sources.txt
praktikapiano.ru,sources.txt
priblizhaya-zamuzhestvo.ru,sources.txt
privalova-online.ru,sources.txt
privivkakrasoty.ru,sources.txt
pro-bio.su,sources.txt
pro-biology.ru,sources.txt
pro-gitaru.ru,sources.txt
pro-podolog.ru,sources.txt
probraids.ru,sources.txt
processmind.ru,sources.txt
prochinese.ru,sources.txt
prodecorpro.ru,sources.txt
propitaniedetei.ru,sources.txt
prorok1000.ru,sources.txt
protelo-litvinovat-ru.ru,sources.txt
psybody-university.ru,sources.txt
psychologinaya.com,sources.txt
psypracticerussia.ru,sources.txt
qamasmetankin.ru,sources.txt
radiktalgatovich.ru,sources.txt
radiologyeducation.ru,sources.txt
razberemsya.com,sources.txt
razumschool.com,sources.txt
redav.online,sources.txt
reels-content.ru,sources.txt
restclub-shlapak.ru,sources.txt
revivalsoul.ru,sources.txt
roc-cyberuniversity.ru,sources.txt
rodinabeauty.ru,sources.txt
romfitness.ru,sources.txt
runartium.ru,sources.txt
rusanovaartschool.com,sources.txt
rycschool.ru,sources.txt
ryzhkovaelena.ru,sources.txt
sabirina.ru,sources.txt
sadilovayuliya.ru,sources.txt
sadovi-kurs.ru,sources.txt
salebot.site,sources.txt
samarinadessert.ru,sources.txt
samokhiny.ru,sources.txt
sazonova.pro,sources.txt
school-bogdanova-fenshui.ru,sources.txt
school-cardiology.ru,sources.txt
school38.ru,sources.txt
schoolsweet.ru,sources.txt
script-shop.ru,sources.txt
selfheal369.ru,sources.txt
semashki-school.ru,sources.txt
sergey-krasnov.ru,sources.txt
sevostinfo.ru,sources.txt
sexolog-ivanov.ru,sources.txt
shenshinayoga.ru,sources.txt
shevchenkoair.ru,sources.txt
shevyakovakurs.ru,sources.txt
shkola-slova.ru,sources.txt
shkolaelenakim.ru,sources.txt
shkolamam.online,sources.txt
silazdorov.ru,sources.txt
simba-online.ru,sources.txt
sk.ru,sources.txt
sketchprosto.ru,sources.txt
skin-doctor.pro,sources.txt
skryagina.ru,sources.txt
sleepbabyandmom.online,sources.txt
sleepedu.ru,sources.txt
slobodina-school.ru,sources.txt
smart-exam.ru,sources.txt
smetaninanails.ru,sources.txt
smolaaa.com,sources.txt
sokolianska.ru,sources.txt
solfpiano.ru,sources.txt
sonprosto.ru,sources.txt
souldesserts.online,sources.txt
soulfuldolls.ru,sources.txt
soulfultarot.ru,sources.txt
sova.guru,sources.txt
sozavi-vyhod.ru,sources.txt
speed-reading.site,sources.txt
spiritway.space,sources.txt
sravni-labs.ru,sources.txt
startracking.ru,sources.txt
stellatikhonova.ru,sources.txt
stepik.org,sources.txt
studio-emotions.online,sources.txt
sturbasowa.ru,sources.txt
successclass.ru,sources.txt
sufficient.ru,sources.txt
suvorova.bz,sources.txt
sveetyakovleva.ru,sources.txt
svet-dao.ru,sources.txt
svetlayayoga.ru,sources.txt
svoboda-fm.ru,sources.txt
synthesismed.ru,sources.txt
takhappens.com,sources.txt
tamarakuzina.com,sources.txt
tanimol.ru,sources.txt
tanya-belaya.ru,sources.txt
taradream.ru,sources.txt
tarotfamily.ru,sources.txt
tatarenkoff.ru,sources.txt
tattva-yoga.site,sources.txt
tbleader.ru,sources.txt
teacheracademy.ru,sources.txt
teamcoachofgod.ru,sources.txt
telegram.me,sources.txt
terziclub.ru,sources.txt
testoclub.ru,sources.txt
tim-lider.ru,sources.txt
totalwhiteschool.ru,sources.txt
tourbellydance.online,sources.txt
town.su,sources.txt
tutorial-vozmozhnostey.ru,sources.txt
tverdikova-club.ru,sources.txt
tvoybass.ru,sources.txt
twitter.com,sources.txt
udemy.com,sources.txt
udivnich.ru,sources.txt
uliapilyaeva.ru,sources.txt
uspmassazhist.ru,sources.txt
uznetix.com,sources.txt
vakhitova.ru,sources.txt
valars-training.ru,sources.txt
valentinapotapova.ru,sources.txt
vash-13-psyholog.ru,sources.txt
vassastudio.ru,sources.txt
vastu-pushya.online,sources.txt
vechnostvremeni.ru,sources.txt
vedacentr.space,sources.txt
vegerafit.ru,sources.txt
vgolffitness.ru,sources.txt
videality.com,sources.txt
vikkentiya.ru,sources.txt
vinvaleri.ru,sources.txt
vitalinapsy.ru,sources.txt
viva-color.ru,sources.txt
vkontakte.ru,sources.txt
vohmin.ru,sources.txt
voicesun.ru,sources.txt
voicewithpotanina.ru,sources.txt
vsenalegke.ru,sources.txt
vseomalyshax.ru,sources.txt
vshsnv.ru,sources.txt
wandermasha.ru,sources.txt
webinar-info2025.ru,sources.txt
whatsapp.com,sources.txt
womancreators.club,sources.txt
write-grant.ru,sources.txt
xristi.ru,sources.txt
yamsclub.ru,sources.txt
yanowa.ru,sources.txt
yogafitmelnikova.ru,sources.txt
yogaforlife.space,sources.txt
yogapegas.ru,sources.txt
yogavpomoshmame.ru,sources.txt
youdecoupage.ru,sources.txt
yozhmatematik.ru,sources.txt
yusupof.ru,sources.txt
zachinaem.online,sources.txt
zaharenkoschool.online,sources.txt
zartschool.ru,sources.txt
zdorovuedetki.ru,sources.txt
zeminvst.ru,sources.txt
zhiruk-school.ru,sources.txt
zhivoygolos.space,sources.txt
zhuchkovaschool.ru,sources.txt
